"id","Lng","Lat","totalPrice","square","livingRoom","price","drawingRoom","kitchen","bathRoom","constructionTime","buildingType","buildingStructure","elevator","dif_lng","dif_lat","dif_cor"
"BJCY87483351",116.479732,39.93278,203,61.59,3,32960,1,1,1,"1980",4,6,0,0.091400219999997,0.0307836080000001,0.0964449622196283
"BJXC89177318",116.350809,39.90925,300,50,2,60000,0,1,1,"1980",4,2,0,0.0375227800000033,0.00725360799999919,0.0382174547549454
"BJHD89597976",116.32397,39.933336,400,62.1,2,64413,1,1,1,"1980",4,2,0,0.0643617799999987,0.0313396079999961,0.0715863796707283
"101100693426",116.360004,39.90498,513,60.76,2,84431,1,1,1,"1980",1,6,1,0.0283277799999979,0.00298360800000097,0.0284844700920686
"101101248746",116.340633,39.891697,600,50.97,2,117717,1,1,1,"1980",4,2,0,0.0476987800000046,0.0102993920000003,0.0487980643986881
"BJDC89265302",116.400533,39.962226,358,54.38,2,65834,1,1,1,"1980",4,4,0,0.0122012199999944,0.0602296080000002,0.0614530345005188
"101100980069",116.463494,39.955288,294.2,36.72,1,80120,1,1,1,"1981",4,2,0,0.0751622199999957,0.0532916080000021,0.0921376947755567
"101101285541",116.34688,39.912912,686,54.7,2,125412,1,1,1,"1981",4,2,1,0.0414517800000027,0.0109156079999977,0.0428649106283711
"101100371560",116.398689,39.894646,360,54.71,2,65802,1,1,1,"1981",4,2,0,0.0103572200000031,0.00735039199999932,0.012700404272389
"BJCY90717035",116.458742,39.886929,190,54.69,2,34742,1,1,1,"1981",4,2,0,0.0704102199999994,0.0150673919999988,0.0720043428004863
"101101679193",116.343001,39.964408,642,67.9,3,94551,1,1,1,"1981",4,2,0,0.0453307800000005,0.0624116079999979,0.0771368162977566
"BJHD84766867",116.372382,39.958962,235,48.3,2,48655,1,1,1,"1982",4,4,0,0.0159497799999997,0.0569656079999987,0.0591563688613315
"BJXC89155025",116.354135,39.916877,358,57.8,2,61938,1,1,1,"1982",4,4,0,0.034196780000002,0.0148806079999986,0.0372941316673034
"101100565093",116.459186,39.959951,496,77.91,3,63664,1,1,1,"1982",4,2,0,0.0708542200000011,0.0579546079999957,0.0915371896020504
"BJCY88941286",116.453723,39.88678,182,54.59,2,33340,1,1,1,"1982",4,2,0,0.0653912199999951,0.0152163919999992,0.0671382918950534
"BJCY89451907",116.578313,39.907903,140,60.47,2,23152,1,1,1,"1982",4,2,0,0.189981219999993,0.00590660799999654,0.190073017471579
"BJDX91814160",116.340971,39.741186,185,70.36,2,26294,2,1,1,"1982",4,2,0,0.0473607800000053,0.160810392000002,0.167639570678892
"BJHD86994597",116.336244,39.932195,280,54.7,2,51189,1,1,1,"1982",4,4,0,0.0520877800000079,0.0301986079999992,0.0602087431397371
"101100930449",116.453783,39.887599,382,61.32,3,62297,1,1,1,"1982",4,6,0,0.0654512199999999,0.0143973919999993,0.067016021188146
"101091819212",116.475046,39.88209,273,64.99,2,42007,1,1,1,"1982",4,2,0,0.0867142200000046,0.0199063920000029,0.0889697723536875
"BJDC89613933",116.432809,39.96858,500,92.81,3,53874,1,1,1,"1983",3,6,1,0.0444772200000045,0.066583608000002,0.0800724668861072
"101101713519",116.352791,39.889814,571,70.41,3,81097,1,1,1,"1983",4,2,0,0.0355407800000052,0.0121823919999997,0.0375707029193017
"BJDC87952211",116.444345,39.945375,329.3,59.5,2,55337,1,1,1,"1983",4,4,0,0.056013219999997,0.0433786079999976,0.0708462027689947
"BJCY85363564",116.46028,39.957618,149,36.59,1,40722,1,1,1,"1983",4,4,0,0.0719482199999959,0.0556216079999956,0.0909412427761628
"BJCY84520039",116.467705,39.932069,0.1,69.02,3,3,1,1,1,"1983",3,6,1,0.0793732199999937,0.0300726079999976,0.08487914823494
"BJDC11387746",116.426526,39.964952,110,29.02,1,37905,1,1,1,"1983",4,4,0,0.0381942199999941,0.0629556079999958,0.0736356368890572
"101091947582",116.369558,39.885481,384,50.47,2,76085,1,1,1,"1983",4,2,0,0.0187737800000036,0.0165153920000023,0.0250042594051949
"BJXC86020278",116.378481,39.969658,330,42.6,1,77465,1,1,1,"1983",4,2,0,0.00985078000000783,0.0676616080000016,0.0683749300822636
"101101292369",116.468902,39.882519,400,59.51,2,67216,1,1,1,"1983",1,6,1,0.0805702199999985,0.0194773919999989,0.0828910679746001
"BJCY86037295",116.48837,39.929525,160,36.36,1,44005,1,1,1,"1983",4,2,0,0.100038220000002,0.0275286079999972,0.103756781557575
"BJXC85256614",116.3472,39.943146,208,38,1,54737,1,1,1,"1984",1,2,1,0.0411317800000006,0.0411496079999978,0.0581817287859508
"BJCY00378417",116.475239,39.938541,144.5,50.62,2,28547,1,1,1,"1984",4,6,1,0.0869072200000005,0.0365446079999998,0.0942781695940377
"BJHD84731023",116.326983,39.961832,148,33.2,1,44579,1,1,1,"1984",4,2,0,0.061348780000003,0.0598356080000002,0.0856969823985562
"101101264040",116.320535,39.890098,398.5,51.32,2,77651,1,1,1,"1984",4,2,0,0.0677967799999948,0.0118983919999991,0.0688329507616326
"101091736732",116.452415,39.958437,420,73.78,3,56926,1,1,1,"1984",4,5,0,0.0640832200000006,0.0564406080000026,0.0853943869172818
"BJCY86723922",116.419371,39.983633,243,54.48,2,44604,1,1,1,"1984",4,2,0,0.0310392199999967,0.0816366079999966,0.0873382444519771
"BJCY91276409",116.453322,39.925733,290,40.1,1,72320,1,1,1,"1984",4,2,0,0.0649902199999985,0.0237366080000001,0.0691892712419627
"101101190350",116.345747,39.939113,975,71.2,3,136939,1,1,1,"1984",4,2,0,0.0425847799999985,0.0371166079999981,0.0564898758812037
"BJCY89803104",116.454903,39.882809,215,51.91,2,41418,1,1,1,"1984",4,2,0,0.0665712200000002,0.0191873919999992,0.0692811904058385
"101100303812",116.233785,39.906862,236,63.7,2,37049,1,1,1,"1985",4,4,0,0.154546780000004,0.0048656079999958,0.154623353183079
"101092072044",116.491703,39.929224,246.5,53.28,2,46266,1,1,1,"1985",4,2,0,0.10337122,0.0272276079999969,0.106896921198367
"101101747869",116.32397,39.933336,745,76.3,3,97641,0,1,1,"1985",4,6,1,0.0643617799999987,0.0313396079999961,0.0715863796707283
"BJCY89417584",116.47987,39.995032,120,59.21,2,20267,1,1,1,"1985",4,2,0,0.0915382200000039,0.093035608000001,0.130517700242913
"101100540746",116.355368,39.882268,470,61.2,2,76798,1,1,1,"1985",4,4,0,0.0329637800000029,0.0197283919999975,0.0384164059067758
"BJXC90146075",116.376822,39.924055,695,52.7,2,131879,1,1,1,"1985",4,2,0,0.0115097799999972,0.0220586080000018,0.0248808605668309
"BJHD85913282",116.319222,39.937904,307,65.7,2,46728,1,1,1,"1985",4,6,1,0.0691097800000051,0.0359076080000023,0.0778814355538657
"101100642712",116.38037,39.958917,560,39.1,1,143223,1,1,1,"1985",4,2,0,0.00796178000000225,0.0569206079999987,0.0574747384148719
"BJXC89313211",116.366335,39.877194,274,55.71,2,49184,1,1,1,"1985",4,2,0,0.0219967799999949,0.024802391999998,0.0331514249963669
"BJCY88445547",116.560233,39.924347,139,57.39,2,24221,1,1,1,"1985",4,2,0,0.171901219999995,0.0223506079999964,0.17334814425155
"BJFT90524696",116.410743,39.821558,157,59.84,2,26237,1,1,1,"1985",4,2,0,0.0224112199999951,0.0804383919999978,0.0835020819467005
"101101152523",116.599672,40.056821,230,58.53,3,39297,1,1,1,"1985",4,2,0,0.211340219999997,0.154824607999998,0.261983487708673
"BJCY90751559",116.475046,39.88209,187,56.94,2,32842,1,1,1,"1985",4,2,0,0.0867142200000046,0.0199063920000029,0.0889697723536875
"BJCY87028906",116.428122,39.973788,143.8,35.08,1,40993,1,1,1,"1985",4,4,0,0.0397902200000004,0.0717916079999981,0.0820810367068656
"101100213956",116.404199,39.954132,675,75.45,3,89464,1,1,1,"1985",4,4,0,0.0158672200000041,0.0521356080000004,0.054496699827221
"BJXC00438307",116.362351,39.925,190,55.2,2,34421,1,1,1,"1985",4,2,1,0.0259807799999976,0.0230036079999962,0.0347011082016953
"BJHD88011484",116.329472,39.977829,305,53.9,2,56587,1,1,1,"1985",4,2,0,0.0588597800000059,0.0758326079999989,0.0959950943420058
"BJHD92127720",116.312813,39.932255,612,72.6,3,84298,1,1,1,"1986",4,2,0,0.0755187799999959,0.0302586079999969,0.0813552056772353
"BJCY91645706",116.453206,39.965662,225,51.63,2,43580,1,1,1,"1986",4,6,1,0.064874219999993,0.0636656080000009,0.0908954017682812
"BJCY88756492",116.490126,39.920449,188,56.24,2,33429,1,1,1,"1986",4,2,0,0.101794220000002,0.0184526079999969,0.103453187323593
"BJFT88682358",116.40924,39.861223,158,47.93,2,32965,1,1,1,"1986",4,2,0,0.0209082199999955,0.0407733919999984,0.0458216450899981
"BJCY89607122",116.404579,39.978491,368,71.03,3,51810,1,1,1,"1986",1,6,1,0.0162472199999968,0.0764946079999973,0.0782010051776929
"BJHD91595902",116.378761,39.995596,395,60.7,2,65075,1,1,1,"1986",4,4,0,0.00957078000000422,0.0935996079999981,0.0940876530027282
"BJCY89883094",116.508936,39.995281,148,40.35,1,36680,1,1,1,"1986",4,2,0,0.120604220000004,0.0932846079999976,0.1524709676349
"BJCY91738760",116.461647,39.99938,228,54.38,2,41928,1,1,1,"1986",4,2,0,0.0733152199999978,0.0973836080000012,0.121896220576136
"BJHD88917637",116.334602,39.972618,204,41.08,1,49660,0,1,1,"1986",3,6,1,0.0537297799999976,0.0706216079999962,0.0887372569744708
"BJXC84759464",116.399275,39.958385,230,49,1,46939,1,1,1,"1986",3,2,1,0.0109432200000015,0.0563886079999989,0.0574406578665841
"BJHD85156928",116.362626,39.98053,243,57.4,2,42335,1,1,1,"1986",4,2,0,0.0257057799999956,0.0785336080000008,0.082633617317082
"BJHD87344010",116.334602,39.972618,180,42.12,1,42736,1,1,1,"1986",3,6,1,0.0537297799999976,0.0706216079999962,0.0887372569744708
"101102060433",116.352899,39.889225,420,44.44,1,94510,1,1,1,"1986",4,2,0,0.0354327800000078,0.0127713919999977,0.0376641786336375
"BJCY84554123",116.503194,39.971952,130,53.13,2,24469,1,1,1,"1986",4,4,0,0.114862219999992,0.0699556080000008,0.134488351443448
"BJXC87224281",116.399018,39.978141,287,57.9,2,49569,1,1,1,"1986",4,2,0,0.0106862199999966,0.0761446079999999,0.076890809758787
"101100494909",116.490734,39.983371,240,41,1,58537,1,1,1,"1986",4,2,0,0.102402220000002,0.0813746079999973,0.130797712090396
"101101356373",116.428929,39.980782,392,36.1,1,108588,1,1,1,"1986",4,4,0,0.0405972199999951,0.0787856079999969,0.0886301658559724
"BJCY85924536",116.427511,39.983814,263.9,57.6,2,45816,1,1,1,"1987",4,2,0,0.0391792199999941,0.0818176080000015,0.0907145647547837
"BJHD90858255",116.330515,39.978517,330,59.7,2,55277,1,1,1,"1987",4,2,0,0.057816779999996,0.0765206079999956,0.0959071608288814
"BJHD87089929",116.328627,39.979037,258,39.96,1,64565,1,1,1,"1987",4,2,0,0.0597047800000041,0.0770406079999972,0.0974675127201784
"BJXC87661809",116.380149,39.95727,330,62,2,53226,1,1,1,"1987",4,2,0,0.0081827799999985,0.0552736080000003,0.0558760201684593
"BJXC85503364",116.378553,39.968971,585,85.2,3,68662,1,1,1,"1987",4,2,0,0.00977878000000487,0.0669746080000024,0.0676847298512928
"BJCY88372732",116.605035,40.051164,172.5,73.88,3,23349,1,1,1,"1987",4,2,0,0.216703219999999,0.149167607999999,0.26308033152406
"BJCY88746487",116.423442,39.994638,270,71,3,38029,1,1,1,"1987",1,6,1,0.0351102199999929,0.092641608000001,0.0990716663899106
"101092102937",116.34816,39.904437,486,53.2,2,91354,1,1,1,"1987",4,2,0,0.0401717800000085,0.00244060800000057,0.0402458504168908
"BJCY89361855",116.442298,39.970551,277,71.24,2,38883,1,1,1,"1987",1,6,1,0.0539662199999924,0.0685546079999995,0.0872472760555948
"BJCY89372124",116.605035,40.051164,109,57.84,2,18846,1,1,1,"1987",4,2,0,0.216703219999999,0.149167607999999,0.26308033152406
"BJCY86805798",116.415714,39.993021,208,42.94,1,48440,1,1,1,"1987",1,6,1,0.0273822199999927,0.0910246079999979,0.0950540121913919
"BJXC85321211",116.360503,39.885906,145,58,2,25000,1,1,1,"1987",4,4,0,0.0278287800000072,0.0160903920000024,0.0321456328449533
"BJXC91770473",116.366335,39.877194,306,38.88,1,78704,1,1,1,"1987",4,2,0,0.0219967799999949,0.024802391999998,0.0331514249963669
"BJCY91828629",116.423442,39.994638,445,78.46,3,56717,1,1,1,"1987",1,6,1,0.0351102199999929,0.092641608000001,0.0990716663899106
"BJCY90611696",116.446534,39.959314,184,42.97,1,42821,1,1,1,"1988",1,6,1,0.0582022199999983,0.0573176079999982,0.081687248697515
"BJXC00410287",116.384103,39.972885,215,61.7,2,34847,1,1,1,"1988",1,2,1,0.00422878000000537,0.0708886079999971,0.0710146275387381
"BJCY89241641",116.443977,39.967084,212,61.99,2,34200,1,1,1,"1988",4,6,1,0.0556452200000024,0.0650876079999989,0.0856316952069162
"BJCY90000719",116.446534,39.959314,246.5,56.51,2,43621,1,1,1,"1988",1,6,1,0.0582022199999983,0.0573176079999982,0.081687248697515
"BJSJ88708091",116.233785,39.906862,128,40.35,1,31723,1,1,1,"1988",4,2,0,0.154546780000004,0.0048656079999958,0.154623353183079
"BJCP88371759",116.323633,40.084686,173,59.31,2,29169,1,1,1,"1988",4,2,0,0.0646987800000005,0.182689607999997,0.193807701097456
"BJCY88240528",116.427636,39.987904,227,58.19,2,39011,1,1,1,"1988",4,2,0,0.0393042200000053,0.0859076079999994,0.0944718943500679
"BJCY90623523",116.460032,39.879667,238,64.6,2,36843,1,1,1,"1988",3,2,0,0.0717002199999968,0.0223293920000032,0.0750967595515129
"BJXC84924072",116.353434,39.940291,238,66,2,36061,1,1,1,"1988",1,2,1,0.0348977800000085,0.0382946080000011,0.0518105399586102
"101101300255",116.329601,39.974019,650,57.4,2,113241,1,1,1,"1988",1,6,1,0.0587307800000048,0.0720226079999975,0.0929330973471253
"BJXC91439351",116.375466,39.907458,740,74.1,2,99866,1,1,1,"1988",1,2,1,0.0128657799999985,0.0054616079999974,0.0139770331957106
"BJHD02204339",116.328627,39.979037,136,40.4,1,33664,1,1,1,"1988",4,2,0,0.0597047800000041,0.0770406079999972,0.0974675127201784
"BJCY84732808",116.446047,39.964131,138,42.77,1,32266,1,1,1,"1988",1,6,1,0.0577152199999915,0.0621346080000009,0.08480422236517
"BJHD84313677",116.330345,39.984336,390,71.7,3,54394,1,1,1,"1988",4,4,0,0.0579867800000073,0.0823396079999981,0.100708875976066
"BJHD85716986",116.309984,39.96579,400,72.7,3,55021,1,1,1,"1988",4,2,0,0.0783477800000014,0.0637936079999974,0.10103464283396
"BJHD91001770",116.328627,39.979037,535,73.4,3,72889,1,1,1,"1988",4,2,0,0.0597047800000041,0.0770406079999972,0.0974675127201784
"101100255732",116.442298,39.970551,268,44.9,1,59689,1,1,1,"1988",1,6,1,0.0539662199999924,0.0685546079999995,0.0872472760555948
"101100991731",116.384103,39.972885,893,69.3,2,128861,1,1,1,"1988",1,2,1,0.00422878000000537,0.0708886079999971,0.0710146275387381
"101100332134",116.277469,39.915102,366,67.1,2,54546,1,1,1,"1988",3,6,1,0.110862780000005,0.0131056079999965,0.111634730036755
"101100892116",116.32922,39.892447,530,86,2,61628,2,1,1,"1989",1,6,1,0.059111779999995,0.00954939200000382,0.0598781548007079
"BJCY90383340",116.477581,39.953739,270,63.78,2,42334,1,1,1,"1989",4,2,0,0.0892492199999992,0.0517426079999979,0.10316356310854
"BJCY87763216",116.428434,39.985561,181,42.99,1,42103,1,1,1,"1989",3,6,1,0.0401022199999943,0.0835646079999961,0.0926888977122986
"BJXC87613305",116.384092,39.96456,310,57.9,2,53541,1,1,1,"1989",4,2,0,0.00423978000000602,0.0625636079999978,0.062707103109822
"BJCY88220984",116.481632,39.927935,160,43.97,1,36389,1,1,1,"1989",4,6,1,0.0933002200000033,0.025938607999997,0.0968387445035639
"BJCY84215972",116.480977,39.886406,97.5,43.78,1,22271,1,1,1,"1989",4,2,0,0.0926452199999943,0.015590392,0.0939478425061534
"101092293656",116.418476,39.98375,358,61.6,2,58117,1,1,1,"1989",1,6,1,0.0301442199999968,0.0817536079999996,0.0871339567586932
"BJFT89425584",116.324898,39.891441,270,61.96,2,43577,1,1,1,"1989",4,4,0,0.0634337799999969,0.0105553920000006,0.0643059930749979
"101100577474",116.356219,39.907821,840,79.4,3,105794,1,1,1,"1989",1,2,1,0.0321127800000056,0.00582460799999751,0.0326367384657597
"BJXC91929545",116.35861,39.932098,680,86.1,3,78978,1,1,1,"1989",1,6,1,0.0297217800000027,0.0301016080000025,0.0423023759445539
"101100353429",116.32922,39.892447,302,51.32,2,58847,1,1,1,"1989",4,2,0,0.059111779999995,0.00954939200000382,0.0598781548007079
"BJHD84504261",116.374459,39.995227,218,59.6,2,36578,1,1,1,"1989",4,2,0,0.0138727799999998,0.0932306079999989,0.094257096777791
"BJXC85647767",116.362593,39.940019,346,58.1,2,59553,1,1,1,"1989",1,6,1,0.0257387799999975,0.0380226079999986,0.0459151773927732
"101102007954",116.349984,39.992769,640,92,2,69566,2,1,2,"1989",4,2,0,0.0383477799999952,0.0907726080000018,0.098540441413919
"BJHD91053104",116.328579,39.954213,350,70,2,50000,1,1,1,"1989",1,6,1,0.0597527799999966,0.0522166080000019,0.079353442702594
"BJXC87776498",116.362593,39.940019,440,80.4,3,54727,1,1,1,"1989",1,6,1,0.0257387799999975,0.0380226079999986,0.0459151773927732
"BJXC92109924",116.348041,39.932646,550,65.8,2,83587,1,1,1,"1989",1,2,1,0.0402907800000065,0.0306496079999974,0.0506235658914149
"BJCP92162263",116.254113,40.220461,166,58.17,2,28538,1,1,1,"1989",4,2,0,0.134218779999998,0.318464607999999,0.345592805847114
"101101032222",116.428929,39.980782,467,57.39,2,81374,1,1,1,"1989",4,4,0,0.0405972199999951,0.0787856079999969,0.0886301658559724
"101100774730",116.162938,39.939005,265,65.63,2,40378,1,1,1,"1990",1,6,1,0.225393780000005,0.0370086080000007,0.228411893579971
"BJCY88251341",116.578313,39.907903,120,57.53,3,20859,1,1,1,"1990",4,2,0,0.189981219999993,0.00590660799999654,0.190073017471579
"BJXC87595134",116.371533,39.901713,265,47.83,1,55405,1,1,1,"1990",4,2,0,0.016798780000002,0.000283392000000049,0.0168011702126409
"BJCY87514617",116.45282,40.011373,176,53.85,2,32684,1,1,1,"1990",4,4,0,0.0644882200000012,0.109376607999998,0.126972331223593
"BJCY87285550",116.428929,39.980782,273,69.05,2,39537,1,1,1,"1990",4,2,0,0.0405972199999951,0.0787856079999969,0.0886301658559724
"BJCY84584613",116.420546,39.997876,200,68.28,2,29292,1,1,1,"1990",4,2,0,0.0322142200000002,0.0958796079999971,0.101146701381911
"BJCY91277322",116.462517,39.931273,320,42.76,1,74837,1,1,1,"1990",1,6,1,0.0741852200000039,0.0292766079999964,0.0797531607049805
"BJXC89844855",116.387408,39.935904,532,57.9,2,91883,1,1,1,"1990",4,2,0,0.000923780000007923,0.0339076079999998,0.0339201894123554
"101101103623",116.342088,39.749733,320,61.86,2,51730,1,1,1,"1990",4,2,0,0.0462437799999975,0.152263392000002,0.159130850975021
"BJCY91248563",116.509336,39.941162,205,49.4,1,41498,1,1,1,"1990",3,6,1,0.121004220000003,0.0391656079999976,0.127184771524812
"BJCY84963852",116.578313,39.907903,73.3,38.48,1,19049,1,1,1,"1990",4,6,0,0.189981219999993,0.00590660799999654,0.190073017471579
"BJHD90162246",116.292014,39.928693,351,69.5,3,50504,1,1,1,"1990",4,2,0,0.0963177800000068,0.0266966080000017,0.099949105162755
"101102183764",116.340674,39.884851,480,64.69,2,74201,1,1,1,"1990",1,6,1,0.0476577799999944,0.0171453920000033,0.0506480844787011
"BJHD87812967",116.311823,39.97856,333,46.7,2,71307,1,1,1,"1990",4,2,0,0.0765087799999975,0.0765636080000007,0.108238530510469
"BJCY00382080",116.479017,39.950244,157,59.91,2,26206,1,1,1,"1990",1,6,1,0.0906852199999975,0.0482476079999969,0.10272117992006
"BJHD87770249",116.371187,40.00245,223,46.2,1,48269,1,1,1,"1990",1,6,1,0.0171447799999953,0.100453608000002,0.101906186472983
"101092234541",116.162938,39.939005,160,53.89,2,29691,1,1,1,"1990",4,6,0,0.225393780000005,0.0370086080000007,0.228411893579971
"BJHD86129564",116.359841,39.962265,345,70.3,2,49076,1,1,1,"1990",4,2,0,0.0284907799999985,0.0602686080000012,0.0666635556752423
"BJXC92019569",116.340674,39.884851,447,69.8,3,64041,1,1,1,"1991",1,6,1,0.0476577799999944,0.0171453920000033,0.0506480844787011
"101101367540",116.474271,39.921365,666,71.2,3,93540,1,1,1,"1991",1,6,1,0.0859392200000002,0.0193686080000006,0.0880947927522741
"BJXC88936250",116.352899,39.889225,270,53.61,2,50364,1,1,1,"1991",4,2,0,0.0354327800000078,0.0127713919999977,0.0376641786336375
"101101427210",116.490126,39.920449,405,61.36,2,66004,1,1,1,"1991",1,6,1,0.101794220000002,0.0184526079999969,0.103453187323593
"BJCY84767884",116.430843,39.998466,278.5,72.56,2,38383,1,1,1,"1991",4,2,0,0.0425112199999944,0.0964696079999996,0.105421008786491
"101100255358",116.434457,39.99285,315,46.22,1,68153,1,1,1,"1991",4,2,0,0.0461252199999933,0.0908536079999962,0.101891677808665
"101100866948",116.295141,39.843191,400,74.63,3,53598,1,1,1,"1991",4,2,0,0.0931907800000005,0.0588053920000036,0.11019344629007
"BJXC84983305",116.35055,39.929209,320,63.3,2,50553,1,1,1,"1991",3,2,1,0.0377817800000031,0.0272126079999992,0.0465616680771883
"BJCY85558588",116.444051,39.988741,290,64.05,2,45278,1,1,1,"1991",1,6,1,0.0557192200000003,0.0867446079999965,0.10309829530347
"BJDC88279363",116.418248,39.964378,232.8,46.56,1,50000,1,1,1,"1992",4,6,1,0.029916220000004,0.0623816080000026,0.0691841400593707
"BJXC00458811",116.391541,39.956199,218,65.2,2,33436,1,1,1,"1992",4,4,0,0.00320922000000223,0.0542026079999971,0.0542975303951272
"BJFT89038595",116.385656,39.875477,182,58.1,2,31326,1,1,1,"1992",4,2,0,0.00267578000000412,0.0265193920000044,0.0266540419197224
"BJXC90266717",116.393064,39.960653,625,76.7,3,81487,1,1,1,"1992",4,2,0,0.00473221999999396,0.0586566079999997,0.0588471882777247
"BJFT91717061",116.34141,39.855605,178,54.22,2,32830,1,1,1,"1992",4,2,0,0.0469217800000052,0.0463913920000039,0.0659834425448303
"101100893610",116.504397,39.92941,390,70.08,2,55651,1,1,1,"1992",4,2,0,0.116065219999996,0.0274136079999963,0.119258715393152
"BJCY92292553",116.451197,39.946843,328,54.95,2,59691,1,1,1,"1992",1,2,1,0.062865219999992,0.0448466080000003,0.0772221091058324
"BJHD89130050",116.371677,40.002169,390,71.6,3,54470,1,1,1,"1992",4,4,0,0.0166547799999961,0.100172608000001,0.101547688749524
"101101248001",116.238706,39.854004,297,55.07,2,53932,1,1,1,"1992",4,2,0,0.149625780000008,0.0479923919999976,0.157134158382232
"BJFT87889487",116.430848,39.869676,162,41.2,1,39321,1,1,1,"1992",1,6,1,0.042516219999996,0.0323203920000026,0.0534063357863268
"BJCY87009287",116.476848,39.94757,270,59.34,2,45501,1,1,1,"1992",1,6,1,0.0885162200000025,0.045573607999998,0.0995594041224952
"BJCY89483168",116.4928,39.987295,165,48.11,1,34297,1,1,1,"1993",4,2,0,0.104468220000001,0.0852986080000022,0.13486831175894
"BJXC86552619",116.367291,39.948688,725,125.4,3,57815,2,1,2,"1993",4,4,0,0.021040780000007,0.0466916079999962,0.0512134814344231
"BJXC88376028",116.34798,39.93174,328,42.4,2,77359,1,1,1,"1993",4,2,0,0.0403517799999946,0.0297436079999969,0.0501293164328564
"BJHD84468568",116.374459,39.995227,227,61.6,2,36851,1,1,1,"1993",1,6,1,0.0138727799999998,0.0932306079999989,0.094257096777791
"BJCY86636457",116.422403,39.987661,195,45.31,1,43037,1,1,1,"1993",4,2,0,0.0340712200000013,0.0856646080000019,0.0921915022986526
"BJCY92312975",116.417045,40.006843,385,63.07,2,61044,1,1,1,"1993",4,2,0,0.0287132200000002,0.104846608000003,0.108707222445772
"BJCY87670474",116.4928,39.987295,189,59.46,2,31787,1,1,1,"1993",4,2,0,0.104468220000001,0.0852986080000022,0.13486831175894
"101101908032",116.488534,39.875468,322,59.8,2,53847,1,1,1,"1994",4,2,0,0.10020222,0.026528392000003,0.103654428149666
"BJDX84955921",116.346109,39.756539,109,55.44,2,19661,1,1,1,"1994",4,2,0,0.042222780000003,0.145457392000004,0.151461599220303
"BJCP90742205",116.379856,40.085112,186.8,68.15,3,27411,1,1,1,"1994",4,2,0,0.00847577999999771,0.183115608000001,0.183311660130551
"101101314809",116.441781,39.991956,503,45.3,1,111038,1,1,1,"1994",4,2,0,0.0534492200000045,0.0899596080000009,0.104640098385479
"BJXC90982379",116.376183,39.953459,241,38.3,1,62925,1,1,1,"1994",4,2,0,0.012148780000004,0.0514626080000014,0.0528771489175646
"101101071195",116.354548,39.733154,255,68.79,2,37070,1,1,1,"1994",4,2,0,0.0337837800000074,0.168842392000002,0.172189131850333
"BJHD86263139",116.280601,40.037442,277,63.47,2,43643,1,1,1,"1995",4,2,0,0.107730779999997,0.135445607999998,0.17306482509712
"BJCY89469249",116.504397,39.92941,250,65.78,2,38006,1,1,1,"1995",4,2,0,0.116065219999996,0.0274136079999963,0.119258715393152
"BJHD84919525",116.372382,39.958962,208,54.8,2,37957,1,1,1,"1995",4,2,0,0.0159497799999997,0.0569656079999987,0.0591563688613315
"BJXC84863029",116.344041,39.896394,157,50.83,1,30888,1,1,1,"1995",1,6,1,0.0442907799999972,0.00560239200000012,0.0446437004417176
"101101042030",116.312131,39.970749,1145,125,3,91600,1,1,1,"1995",4,2,0,0.0762007800000077,0.0687526079999969,0.102632743212928
"101100974157",116.372841,40.080111,370.5,67.68,2,54743,1,1,1,"1995",4,2,0,0.0154907800000075,0.178114608000001,0.178786962186852
"BJFT00416163",116.432429,39.866533,150,59.49,2,25215,1,1,1,"1995",3,6,1,0.0440972199999976,0.035463392000004,0.0565881346562523
"101101995863",116.441502,39.872065,304,49.66,1,61217,1,1,1,"1995",1,6,1,0.0531702199999984,0.0299313920000017,0.0610160677355235
"101101049038",116.599448,40.048301,312,81,2,38519,1,1,1,"1995",4,2,0,0.211116219999994,0.146304608000001,0.25685617895842
"BJCY90723745",116.493317,39.929564,166,46.66,1,35577,1,1,1,"1996",1,6,1,0.104985220000003,0.0275676079999982,0.10854432011529
"BJCY90276654",116.411469,40.01401,292,72.59,2,40226,1,1,1,"1996",4,6,1,0.0231372199999953,0.112013607999998,0.114378229250611
"101092194065",116.229771,39.908514,220,50,1,44000,0,1,1,"1996",3,6,1,0.158560780000002,0.00651760799999579,0.158694675929127
"101101187562",116.419327,39.861278,398,61.5,2,64716,1,1,1,"1996",4,2,0,0.0309952199999941,0.0407183920000023,0.0511731483291177
"BJXC86821059",116.340473,39.886963,260,57.61,1,45132,1,1,1,"1996",1,6,1,0.0478587799999985,0.0150333919999994,0.0501643867510997
"BJSY85841729",116.673001,40.138289,160,81.93,2,19529,1,1,1,"1996",4,2,0,0.284669219999998,0.236292607999999,0.369960486283128
"BJHD89145220",116.298736,39.934527,341,76,3,44869,1,1,1,"1996",4,2,0,0.0895957799999962,0.0325306080000018,0.0953186458708762
"101100386114",116.332045,40.081334,279,72.83,2,38309,1,1,1,"1996",4,2,0,0.0562867800000078,0.179337607999997,0.187963239081289
"BJHD89924994",116.37555,40.042102,308,71.3,2,43198,1,1,1,"1996",4,2,0,0.0127817799999974,0.140105607999999,0.140687438291475
"101092312555",116.430888,40.000522,532.6,108.14,2,49251,1,1,2,"1996",1,2,1,0.0425562199999945,0.0985256079999957,0.107323470370915
"101101586527",116.435471,40.109315,375,96.81,2,38736,2,1,1,"1996",4,2,0,0.0471392200000054,0.207318608000001,0.212610233256227
"BJDC86762270",116.426912,39.960779,337,55.12,2,61140,1,1,1,"1996",4,2,0,0.0385802200000001,0.0587826080000013,0.0703123629138591
"BJCY89076947",116.422557,39.993896,360,76.29,2,47189,1,1,1,"1996",1,6,1,0.0342252199999962,0.0918996079999985,0.0980658127718398
"BJXC87016628",116.359171,39.886349,310,69.39,2,44676,1,1,1,"1996",4,2,0,0.029160779999998,0.0156473919999982,0.0330936846937583
"BJCY90414050",116.45648,39.878722,174,50.54,1,34429,1,1,1,"1997",1,6,1,0.0681482199999977,0.0232743919999976,0.0720130350154584
"BJCY89323425",116.405549,39.975629,422,150.19,3,28098,1,1,1,"1997",1,6,1,0.017217219999992,0.0736326079999969,0.075618738586473
"101101095856",116.405549,39.975629,1070,179,4,59777,1,0,2,"1997",1,6,1,0.017217219999992,0.0736326079999969,0.075618738586473
"101101771901",116.421713,39.971435,490,67.65,2,72432,1,1,1,"1997",4,4,0,0.0333812199999954,0.0694386079999987,0.0770456107099267
"BJHD89092442",116.369191,39.955198,201.8,51.5,1,39185,1,1,1,"1997",4,2,0,0.0191407800000007,0.053201608000002,0.0565400791721616
"BJDC86184660",116.402042,39.867879,193,52.41,1,36826,1,1,1,"1997",4,2,0,0.013710219999993,0.0341173919999989,0.0367690980217056
"101101592021",116.444051,39.988741,615,87.49,3,70294,1,1,1,"1997",1,6,1,0.0557192200000003,0.0867446079999965,0.10309829530347
"BJHD91193722",116.347007,40.004589,296,57,2,51930,1,1,1,"1997",4,2,0,0.0413247799999965,0.102592608000002,0.110602805833714
"BJCY85830236",116.47773,40.002156,318,91.87,2,34615,1,1,1,"1997",1,6,1,0.0893982199999925,0.100159607999998,0.134253449914259
"BJDX86792730",116.354542,39.738296,180,80.32,3,22411,1,1,1,"1997",4,2,0,0.0337897800000064,0.163700392000003,0.167151331353966
"BJHD84303838",116.382606,39.983696,330,95.1,3,34701,1,1,1,"1997",3,6,1,0.0057257800000059,0.081699608000001,0.0819000030766928
"BJCY87556623",116.476467,39.888742,278,92.16,2,30165,1,1,1,"1997",3,6,1,0.0881352199999981,0.0132543920000003,0.0891262919218439
"BJCY84369302",116.560531,39.925155,160,105.65,3,15145,1,1,2,"1998",4,2,0,0.172199219999996,0.0231586079999957,0.173749510770835
"101100636478",116.471931,40.008739,583,96.5,2,60415,1,1,1,"1998",1,6,1,0.0835992199999964,0.106742607999998,0.135583236232393
"101101096366",116.246374,39.844724,350,70.13,2,49908,1,1,1,"1998",4,2,0,0.141957779999998,0.0572723920000016,0.153075596317407
"BJFT91685725",116.374708,39.854229,203,55.88,2,36328,1,1,1,"1998",4,2,0,0.0136237800000032,0.0477673920000043,0.0496722369132956
"BJFT91697663",116.402495,39.846914,250,67.13,2,37242,1,1,1,"1998",4,2,0,0.0141632200000004,0.0550823920000028,0.0568741304039928
"BJCY89675787",116.462185,39.884984,185,52.27,1,35394,1,1,1,"1998",1,6,1,0.0738532200000037,0.017012391999998,0.0757873313023394
"101101213897",116.426051,39.996743,708,76.85,2,92128,1,1,1,"1998",1,6,1,0.0377192199999996,0.0947466080000012,0.101978719765029
"101100398738",116.262442,39.897184,217,51.85,1,41852,1,1,1,"1998",1,6,1,0.125889780000008,0.00481239199999806,0.125981728140283
"BJHD84506129",116.369191,39.955198,220,62.1,2,35427,1,1,1,"1998",4,4,0,0.0191407800000007,0.053201608000002,0.0565400791721616
"BJHD90788512",116.32496,40.035232,510,94.93,2,53724,1,1,1,"1998",4,2,0,0.0633717799999971,0.133235608,0.14753884146047
"BJHD89605253",116.314388,39.972347,538,113.31,3,47481,2,1,1,"1998",1,6,1,0.0739437800000076,0.0703506079999983,0.102063169883455
"101101173991",116.471931,40.008739,610,90.47,2,67426,1,1,1,"1998",1,6,1,0.0835992199999964,0.106742607999998,0.135583236232393
"BJCY88317228",116.45328,39.925116,523.5,125.25,3,41794,1,1,1,"1998",3,6,1,0.0649482200000051,0.0231196080000018,0.0689404638455734
"BJDX85608971",116.45457,39.809878,145,68.91,2,21042,1,1,1,"1998",4,2,0,0.0662382200000025,0.0921183920000033,0.11346056554343
"101101959186",116.560168,40.110054,550,144.24,3,38131,1,1,2,"1998",4,2,0,0.171836220000003,0.208057607999997,0.269843759888143
"BJCP89766788",116.279545,40.144739,135,69.25,2,19495,1,1,1,"1998",4,2,0,0.108786780000003,0.242742608,0.266004769208018
"BJXC84680479",116.359171,39.886349,209,68.22,3,30637,1,1,1,"1998",4,2,0,0.029160779999998,0.0156473919999982,0.0330936846937583
"BJCY86634149",116.472064,39.88768,263.5,67.94,2,38785,1,1,1,"1998",1,6,1,0.0837322200000017,0.0143163919999978,0.0849472998159817
"BJFT91858900",116.373014,39.859478,270,64.83,2,41648,1,1,1,"1998",1,6,1,0.0153177800000037,0.0425183919999981,0.0451934513220003
"101100796557",116.402567,39.869745,630,105.73,2,59586,2,1,1,"1999",1,6,1,0.0142352200000033,0.0322513919999992,0.0352532803351136
"BJTJ85539640",116.695201,39.934643,145,81.93,2,17699,1,1,1,"1999",4,2,0,0.306869219999996,0.0326466080000003,0.308600906021534
"BJCY85608349",116.513625,39.931024,230,66.87,1,34396,1,1,1,"1999",1,6,1,0.125293220000003,0.0290276079999998,0.128611791855066
"101100331408",116.352299,40.062427,455,77,2,59091,1,1,1,"1999",1,6,1,0.0360327799999993,0.160430607999999,0.164427312870391
"BJDX91687352",116.354542,39.738296,190,82.81,2,22945,1,1,1,"1999",4,2,0,0.0337897800000064,0.163700392000003,0.167151331353966
"101100448234",116.594761,39.921447,268,66.83,2,40102,1,1,1,"1999",4,2,0,0.206429220000004,0.0194506079999996,0.207343553122299
"101092157318",116.385168,39.900454,445,48.09,1,92535,1,1,1,"1999",1,6,1,0.00316378000000839,0.00154239199999751,0.00351972683174552
"BJSJ84839619",116.188426,39.935915,165,68.82,2,23976,1,1,1,"1999",4,2,0,0.199905779999995,0.0339186080000005,0.202762898100377
"BJFT88655410",116.364039,39.848137,298,99.58,3,29926,1,1,2,"1999",4,2,0,0.0242927799999961,0.0538593919999997,0.0590844587581019
"101091391301",116.279545,40.144739,175,83,3,21085,1,1,1,"1999",4,4,0,0.108786780000003,0.242742608,0.266004769208018
"BJSY87720389",116.632799,40.031538,164,116.61,3,14064,2,1,2,"1999",4,4,0,0.244467220000004,0.129541607999997,0.276668122229062
"BJHD88121065",116.338231,39.97411,659,132.71,3,49658,2,1,2,"1999",1,6,1,0.0501007800000082,0.0721136080000022,0.0878092285320125
"BJDC86564061",116.439371,39.896367,472,83.64,2,56433,1,1,1,"1999",1,6,1,0.0510392199999927,0.00562939200000301,0.0513487296093813
"BJDC84557212",116.400737,39.870957,358.8,134.11,3,26755,1,1,1,"1999",1,6,1,0.0124052200000051,0.0310393920000038,0.0334265364490315
"BJSJ84519115",116.229624,39.915004,173,73.21,2,23631,2,1,1,"1999",4,2,0,0.15870778,0.0130076080000023,0.159239936254729
"BJHD90487900",116.264969,39.927867,312,50.92,1,61273,1,1,1,"1999",4,2,0,0.123362780000008,0.0258706079999982,0.126046276611489
"BJDX91145762",116.440269,39.809427,260,109.95,3,23648,2,1,1,"1999",4,4,0,0.0519372199999992,0.0925693920000015,0.106144086771606
"101100626373",116.353539,39.979585,1025,124.81,3,82125,2,1,1,"1999",1,6,1,0.0347927800000036,0.0775886079999992,0.085032521022878
"BJHD88511358",116.260421,39.927665,300,78,2,38462,1,1,1,"1999",3,6,1,0.127910780000008,0.0256686079999966,0.130460894818592
"BJCY89026090",116.467726,40.005504,263,68.69,2,38288,1,1,1,"1999",4,2,0,0.0793942199999975,0.103507608000001,0.130450247540163
"BJCP91651943",116.430012,40.066244,257,74.29,2,34595,1,1,1,"2000",4,2,0,0.0416802200000035,0.164247607999997,0.169453585010673
"BJFT91691823",116.450058,39.870707,300,60.77,2,49367,1,1,1,"2000",4,2,0,0.0617262199999971,0.0312893919999979,0.0692037013982458
"101102316815",116.664848,39.942927,175,31.88,1,54894,0,1,1,"2000",4,2,0,0.276516220000005,0.0409306079999965,0.279529130135556
"BJXC91040586",116.378537,39.879671,527,78.18,2,67409,1,1,1,"2000",3,6,1,0.00979478000000711,0.0223253919999991,0.0243795168779482
"BJCY92035743",116.373681,40.012148,289,58.99,1,48992,1,1,1,"2000",1,6,1,0.0146507799999966,0.110151608000002,0.111121654503497
"BJHD84266609",116.338433,40.051503,175,87.1,1,20092,1,1,1,"2000",1,6,1,0.0498987800000066,0.149506607999996,0.157613813103907
"BJCY89781828",116.513277,39.940621,306,115.53,3,26487,2,1,1,"2000",1,6,0,0.124945220000001,0.0386246079999992,0.130779082211194
"BJHD85378208",116.316963,40.056306,320,119.9,3,26689,2,1,2,"2000",4,2,0,0.0713687800000002,0.154309607999998,0.170014581374074
"101101925606",116.344215,39.978789,718,86.91,2,82615,1,1,1,"2000",1,6,1,0.044116779999996,0.0767926079999981,0.088562943272056
"101101600743",116.603501,39.919667,415,83.56,2,49665,1,1,1,"2000",1,6,1,0.215169219999993,0.017670607999996,0.215893593287283
"101102013409",116.661047,39.932185,365,92.16,2,39606,1,1,1,"2001",4,2,0,0.272715219999995,0.030188607999996,0.274381018426244
"BJFT91482945",116.391411,39.843591,310,78.13,2,39678,1,1,1,"2001",4,2,0,0.0030792200000036,0.0584053919999974,0.0584865062256396
"BJSJ90058432",116.195177,39.932325,203,72.88,2,27855,1,1,1,"2001",1,6,1,0.19315478,0.0303286079999978,0.195521337710405
"BJFT84538489",116.370835,39.867038,210,72.4,2,29006,1,1,1,"2001",3,6,1,0.0174967800000019,0.0349583920000001,0.0390925374156518
"101100491103",116.504911,39.998661,570,115.96,2,49155,1,1,2,"2001",4,6,1,0.116579220000006,0.0966646079999975,0.151442269448139
"BJCY89299520",116.449152,39.978307,475,104.61,2,45407,2,1,2,"2001",3,6,1,0.0608202199999965,0.076310608,0.0975828266355184
"BJSJ84467458",116.236106,39.899968,234,100.44,2,23298,1,1,1,"2001",4,2,0,0.152225779999995,0.00202839199999971,0.15223929345183
"BJCP90191257",116.43942,40.072066,204,76.36,2,26716,1,1,1,"2001",4,2,0,0.0510882199999969,0.170069607999999,0.177577244567093
"101091754943",116.157467,39.730412,135,83,1,16266,1,1,1,"2001",4,2,0,0.230864780000005,0.171584392,0.287645181121569
"BJCY89655743",116.469221,40.000762,476,119.77,2,39743,2,1,2,"2001",1,6,1,0.0808892200000031,0.0987656080000008,0.12766248954105
"101100281857",116.455694,39.807011,379,118.57,3,31965,2,1,2,"2002",4,6,0,0.0673622199999926,0.0949853919999981,0.116446955205882
"101101843467",116.360671,40.071023,350,67,2,52239,1,1,1,"2002",4,2,0,0.027660780000005,0.169026607999996,0.171274963033693
"101100651306",116.340662,39.880533,1550,267.28,5,57992,2,1,3,"2002",3,6,1,0.0476697800000068,0.0214633920000011,0.0522789166050212
"BJDC88845764",116.432142,39.902354,427.5,82.44,2,51856,1,1,1,"2002",3,6,1,0.0438102199999975,0.000357608000001619,0.0438116794922295
"BJCY84708564",116.525115,39.922302,191.5,81.63,2,23460,1,1,1,"2002",1,6,1,0.136783219999998,0.020305608000001,0.138282200553135
"BJCY85013293",116.482331,40.014156,378,120.2,3,31448,2,1,2,"2002",1,6,1,0.0939992200000006,0.112159607999999,0.146340804382516
"BJDC86714466",116.440069,39.902423,360,63.02,1,57125,1,1,1,"2003",4,6,1,0.0517372199999926,0.000426607999997941,0.0517389788043144
"101101231035",116.35572,40.01918,680,75.19,2,90438,1,1,1,"2003",1,6,1,0.0326117799999963,0.117183607999998,0.121636861923782
"BJXC91927631",116.371638,39.885409,1200,137.02,3,87579,1,1,2,"2003",4,6,1,0.0166937799999971,0.0165873919999981,0.0235334626447088
"BJCY84099204",116.518451,39.92401,193,99.94,2,19312,1,1,1,"2003",1,6,1,0.130119219999997,0.0220136080000017,0.131968217198633
"BJCP87960819",116.416156,40.082585,415,277.85,3,14937,2,1,2,"2003",4,2,1,0.0278242199999994,0.180588608000001,0.182719546184819
"101100675546",116.435511,39.946194,612,64.98,2,94183,1,1,1,"2003",4,6,1,0.0471792200000039,0.0441976079999975,0.0646475626201809
"BJHD89235409",116.316963,40.056306,345,117.42,3,29382,1,1,2,"2003",1,6,1,0.0713687800000002,0.154309607999998,0.170014581374074
"BJSJ84088604",116.236106,39.899968,115,62.63,1,18362,1,1,1,"2003",1,6,1,0.152225779999995,0.00202839199999971,0.15223929345183
"101092317785",116.48617,39.991082,620,117,2,52992,1,1,2,"2003",3,6,1,0.0978382199999999,0.0890856079999978,0.132319926109024
"BJCY87609156",116.530553,39.921425,238,66.1,2,36007,1,1,1,"2003",1,6,1,0.142221219999996,0.0194286079999983,0.143542140945107
"BJCP86241303",116.415742,40.077796,269,146.83,3,18321,2,1,2,"2003",4,2,1,0.027410219999993,0.175799607999998,0.177923641861898
"BJDC91694589",116.435511,39.946194,525,60.01,1,87486,1,1,1,"2003",4,6,1,0.0471792200000039,0.0441976079999975,0.0646475626201809
"BJCY89390011",116.581295,39.910614,220,82.96,2,26519,1,1,1,"2003",4,2,0,0.192963219999996,0.00861760800000155,0.193155552445195
"101100563621",116.228671,40.205721,220,89,2,24720,1,1,1,"2003",4,2,0,0.159660779999996,0.303724607999996,0.343132922021421
"BJCY87022925",116.485616,40.006096,412,123.7,3,33307,2,1,2,"2003",1,6,1,0.0972842199999917,0.104099607999999,0.142481394738963
"BJCP85396448",116.358797,40.083529,263,112.22,3,23437,2,1,1,"2003",4,4,0,0.0295347800000059,0.181532607999998,0.183919523153279
"BJCP00428968",116.415742,40.077796,147,93.1,2,15790,1,1,1,"2003",1,2,1,0.027410219999993,0.175799607999998,0.177923641861898
"BJYZ90382999",116.530566,39.827437,177.5,76.34,2,23252,1,1,1,"2003",4,2,0,0.142234219999992,0.0745593919999976,0.160591644472604
"101102128284",116.434355,39.933559,1258,117.51,4,107055,2,1,2,"2003",4,6,0,0.046023219999995,0.0315626080000015,0.0558062272773362
"101100366468",116.342117,40.089417,370,77.05,2,48021,1,1,1,"2003",4,6,0,0.0462147799999997,0.187420607999996,0.193034427482604
"101101986223",116.435132,39.92546,652,76.42,2,85318,1,1,1,"2003",3,6,1,0.0468002199999944,0.0234636080000001,0.0523526646162881
"101101603811",116.3434,40.083322,550,140.58,3,39124,2,1,2,"2003",4,2,0,0.0449317799999989,0.181325608000002,0.186809638323451
"BJTJ88579244",116.627629,39.92483,214,114.45,3,18699,2,1,2,"2003",4,2,0,0.239297219999997,0.0228336079999991,0.240384136652203
"BJDC00394848",116.432388,39.95399,203.8,60.53,1,33670,1,1,1,"2003",3,6,1,0.0440562200000016,0.0519936079999965,0.0681489970105639
"BJCY87747646",116.527898,39.920581,210,68.74,1,30550,1,1,1,"2003",1,6,1,0.139566219999992,0.0185846079999976,0.140798144233508
"BJDC87333006",116.437956,39.926419,351,75.47,2,46509,1,1,1,"2003",3,6,1,0.0496242199999983,0.0244226080000018,0.055308471251066
"101100351796",116.679562,39.895417,315,77.42,2,40688,1,1,1,"2004",3,6,1,0.291230220000003,0.00657939199999902,0.291304530415062
"BJSY85625699",116.559275,40.113935,275,156.26,3,17599,2,1,2,"2004",4,2,1,0.170943219999998,0.211938607999997,0.272285802099456
"BJCP84855709",116.351869,40.093821,174,89.52,2,19437,2,1,1,"2004",4,2,0,0.0364627800000079,0.191824607999997,0.195259352041539
"101092377816",116.501162,39.915382,688,142.49,3,48285,2,1,2,"2004",1,6,1,0.112830219999992,0.0133856080000001,0.113621446244872
"BJFT89067184",116.291025,39.821878,350,163.61,4,21393,2,1,2,"2004",4,2,0,0.0973067799999967,0.0801183920000028,0.126045889146112
"101101082891",116.359122,39.851219,280,87.75,2,31909,1,1,1,"2004",4,6,1,0.0292097800000022,0.0507773920000005,0.0585794741011751
"BJCP85356804",116.425304,40.112553,180.7,85.67,2,21089,1,1,1,"2004",4,2,0,0.0369722199999956,0.210556607999997,0.213777992843493
"BJDC89766872",116.433451,39.923705,491,69.82,2,70324,1,1,1,"2004",3,6,1,0.0451192200000037,0.0217086079999973,0.0500700277082635
"101101286405",116.462116,39.973094,1277,113.88,2,112136,1,1,1,"2004",3,6,1,0.0737842199999932,0.0710976080000023,0.102464535251615
"101101126662",116.293479,39.967021,1325,122,2,108607,1,1,1,"2004",1,6,1,0.0948527799999965,0.0650246080000016,0.115001084861325
"101091766839",116.568805,39.871534,937,240.51,3,38959,3,1,4,"2004",4,6,0,0.180473219999996,0.030462392000004,0.183026064984004
"BJHD89714138",116.364365,40.069487,216.5,58.21,1,37193,1,1,1,"2004",4,6,0,0.023966779999995,0.167490608000001,0.169196661644899
"BJHD86605516",116.357932,40.036328,470,146.94,3,31986,2,1,2,"2004",4,6,1,0.0303997799999962,0.134331607999997,0.137728455781341
"BJCP92058349",116.421985,40.058455,406.8,104.35,2,38985,1,1,1,"2004",4,6,1,0.033653220000005,0.156458608000001,0.160036980831515
"BJCY91673042",116.456795,39.973905,955,147.18,3,64887,2,1,2,"2004",3,6,1,0.0684632199999982,0.0719086080000011,0.0992877655971065
"101100422522",116.425304,40.112553,310,91.1,2,34029,1,1,2,"2004",4,2,0,0.0369722199999956,0.210556607999997,0.213777992843493
"101100314681",116.609957,39.91983,285,65.01,1,43840,1,1,1,"2004",3,6,1,0.221625219999993,0.0178336079999966,0.222341574417253
"BJHD92155997",116.365511,40.036171,256,40.01,1,63985,1,1,1,"2004",4,2,0,0.0228207800000035,0.134174608000002,0.13610148210715
"BJSJ84298862",116.247008,39.906426,236,104.36,2,22615,2,1,1,"2005",1,6,1,0.141323780000008,0.00442960800000236,0.141393183076569
"BJCY85089456",116.37921,40.01336,110,34.61,1,31783,1,1,1,"2005",3,6,1,0.00912178000000097,0.111363607999998,0.111736565443661
"BJFT89610342",116.429293,39.872461,168,46.39,1,36215,1,1,1,"2005",1,6,1,0.0409612199999998,0.0295353919999997,0.0504991180564773
"BJCY90912620",116.512916,39.966511,252,80.55,2,31285,1,1,1,"2005",1,6,1,0.124584220000003,0.0645146079999961,0.140297407383038
"BJCP84877293",116.431552,40.082903,220,126.49,3,17393,1,1,2,"2005",4,2,0,0.0432202199999949,0.180906608000001,0.185997817822989
"BJCY87279853",116.430562,40.045549,277,68.74,1,40297,1,1,1,"2005",3,6,1,0.0422302199999933,0.143552608,0.149635365956212
"BJCY00443501",116.480675,39.868869,115,51.01,1,22545,1,1,1,"2005",4,2,0,0.0923432200000036,0.0331273920000044,0.0981055267591537
"BJHD89729909",116.348101,40.040414,508,135.99,3,37356,2,1,2,"2005",4,6,1,0.0402307800000017,0.138417607999997,0.144145585655092
"BJTJ86056241",116.711337,39.9184,158,58.64,2,26945,2,1,2,"2005",3,6,1,0.323005219999999,0.0164036079999974,0.323421475017763
"BJTJ92122848",116.711337,39.9184,249,56.27,1,44251,1,1,1,"2005",3,6,1,0.323005219999999,0.0164036079999974,0.323421475017763
"BJCP85537779",116.362416,40.094293,252,88.77,2,28388,1,1,1,"2005",4,2,0,0.0259157800000054,0.192296607999999,0.194035082140612
"BJXC00502021",116.343245,39.900529,132,30.96,1,42636,1,1,1,"2005",1,6,1,0.0450867800000054,0.00146739200000212,0.045110652511913
"BJDX85464738",116.450891,39.822298,236.6,95.26,2,24838,1,1,1,"2005",3,6,1,0.0625592199999971,0.0796983919999974,0.101318752925573
"101101110004",116.431552,40.082903,499,114.63,2,43532,1,1,2,"2005",4,6,1,0.0432202199999949,0.180906608000001,0.185997817822989
"BJCY89417311",116.586465,39.918172,126.8,36.76,1,34495,0,1,1,"2005",4,6,1,0.198133220000003,0.0161756079999975,0.198792412233815
"BJTJ91918058",116.689244,39.873245,358,88.61,2,40402,2,1,1,"2005",4,6,1,0.300912220000001,0.0287513920000038,0.30228266024909
"101102090462",116.354287,40.079237,511,127.56,3,40060,1,1,1,"2005",4,2,0,0.0340447800000021,0.177240607999998,0.180480691957499
"BJCY84912927",116.461156,39.904867,283,80.58,1,35121,1,1,1,"2005",3,6,1,0.0728242200000011,0.00287060800000205,0.0728807753039046
"101101063215",116.676119,39.887571,459,89,2,51574,1,1,1,"2005",4,6,1,0.287787219999998,0.0144253919999997,0.28814853102121
"BJCP90655726",116.333765,40.07892,150,42.07,1,35655,0,1,1,"2005",4,6,0,0.0545667800000018,0.176923607999996,0.185147229380579
"BJCP91408848",116.34663,40.096608,185,47.88,1,38639,1,1,1,"2006",4,6,1,0.0417017799999968,0.194611608000002,0.199029436072946
"BJFT87773174",116.329675,39.876404,370,111.45,2,33199,2,1,1,"2006",1,6,1,0.0586567800000068,0.0255923920000001,0.0639967840461602
"BJFS91064496",116.172813,39.765512,189,134.03,3,14102,2,2,1,"2006",4,2,0,0.215518779999996,0.136484392,0.255100634637189
"BJXC89508445",116.343245,39.900529,130.5,34.24,1,38114,0,1,1,"2006",1,6,1,0.0450867800000054,0.00146739200000212,0.045110652511913
"BJFT86013894",116.315031,39.842469,335,102.9,2,32556,1,1,1,"2006",1,6,1,0.0733007799999967,0.0595273919999997,0.0944272987378626
"BJCY88401255",116.594761,39.936939,183,66.47,1,27532,1,1,1,"2006",3,6,1,0.206429220000004,0.0349426080000015,0.209365729582594
"BJCY89519804",116.529752,39.92949,444,129.49,3,34289,2,1,1,"2006",3,6,1,0.141420220000001,0.0274936080000003,0.144067960024796
"101100293197",116.429352,39.904538,423,52.25,1,80957,1,1,1,"2006",3,6,1,0.0410202199999929,0.00254160800000136,0.0410988834407152
"BJCY91827270",116.508281,39.915816,291,73.92,2,39367,1,1,1,"2006",3,6,1,0.119949219999995,0.0138196079999986,0.120742688987288
"BJFT86920453",116.34581,39.86288,465,90.59,3,51331,2,1,2,"2006",4,6,1,0.0425217800000013,0.0391163920000039,0.0577771053053585
"101092144934",116.343245,39.900529,316,29.95,1,105510,1,1,1,"2006",1,6,1,0.0450867800000054,0.00146739200000212,0.045110652511913
"BJFT86841884",116.349509,39.872813,360,92.39,2,38966,2,1,1,"2007",1,6,1,0.0388227800000038,0.0291833920000002,0.0485682881678403
"BJDX89772174",116.341759,39.755588,333,114.48,3,29089,2,1,1,"2007",3,6,1,0.0465727800000053,0.146408391999998,0.153637368777762
"101092349352",116.51152,39.901436,437,81.37,2,53706,2,1,1,"2007",3,6,1,0.123188220000003,0.000560392000004128,0.123189494625
"101100187473",116.414421,40.053513,185,71,1,26057,2,1,1,"2007",3,6,1,0.0260892200000029,0.151516608000001,0.153746316703961
"BJCY88556849",116.521774,39.94004,311,88.94,2,34968,2,1,1,"2007",3,6,1,0.133442219999992,0.0380436080000024,0.138759295862238
"101100958912",116.51152,39.901436,750,118.73,2,63169,2,1,2,"2007",3,6,1,0.123188220000003,0.000560392000004128,0.123189494625
"101100405028",116.427586,40.00806,438,62.16,2,70464,1,1,1,"2007",1,6,1,0.0392542200000037,0.106063607999999,0.113094574272094
"101092093740",116.427633,40.002306,310,51,1,60785,0,1,1,"2007",3,6,1,0.0393012199999987,0.100309607999996,0.107733947066843
"BJHD88587374",116.317257,39.959192,462,77.32,2,59752,1,1,1,"2007",3,6,1,0.0710747800000036,0.0571956080000007,0.0912302686970648
"BJCP86894039",116.373628,40.094838,278.5,98.62,2,28240,1,1,1,"2007",4,2,0,0.0147037800000049,0.192841608000002,0.193401362255582
"101100827718",116.421842,40.119709,378.5,89,2,42529,1,1,1,"2008",4,2,0,0.0335102199999966,0.217712607999999,0.220276450231543
"BJCY86273648",116.42022,40.044807,391,110.7,2,35321,2,1,2,"2008",1,6,1,0.031888219999999,0.142810607999998,0.146327469506232
"BJCY87540755",116.454876,39.846728,524,122.42,3,42804,2,1,2,"2008",4,6,1,0.0665442199999973,0.0552683920000021,0.0865027650984287
"BJFT88839305",116.44046,39.86065,252.5,72.85,1,34661,1,1,1,"2008",4,6,1,0.0521282200000002,0.0413463920000012,0.0665347687437642
"BJFT84487010",116.274641,39.888214,240,90,2,26667,2,1,1,"2008",1,6,1,0.113690779999999,0.0137823920000031,0.114523132101117
"BJCY89538269",116.462122,39.923796,509.8,95.06,2,53623,1,1,1,"2008",1,6,1,0.0737902199999922,0.021799608000002,0.0769429624891127
"BJCY85115162",116.483653,39.88914,498,134.1,3,37137,2,1,2,"2009",1,6,1,0.0953212200000024,0.0128563920000033,0.0961843115978204
"BJCY88341392",116.505503,39.906184,360,88.91,2,40491,1,1,1,"2009",3,6,1,0.117171220000003,0.00418760800000229,0.117246027041648
"BJCP88678266",116.376116,40.089084,222,100.8,2,22024,1,1,1,"2009",4,2,0,0.0122157800000053,0.187087607999999,0.187485995072085
"BJFT89001538",116.424766,39.841562,580,151.49,3,38287,1,1,2,"2009",3,6,1,0.0364342200000038,0.0604343919999977,0.0705674721342494
"101102014145",116.455654,39.898084,540,63.75,2,84706,1,1,1,"2009",4,6,1,0.0673222199999941,0.00391239200000371,0.0674358073792351
"BJSY87753859",116.654713,40.185553,233.5,134.74,3,17330,2,1,2,"2009",3,2,1,0.26638122,0.283556607999998,0.389054371918826
"BJCP89960891",116.386555,40.0865,290,106.72,2,27174,2,1,2,"2009",4,6,1,0.00177678000000014,0.184503608,0.184512163046738
"101100489830",116.506155,39.946339,1790,188,3,95213,2,1,2,"2009",4,6,1,0.117823220000005,0.0443426080000009,0.125891135730088
"BJCP90769143",116.265774,40.170928,81.4,34.39,1,23670,0,1,1,"2010",4,6,1,0.122557780000008,0.268931608000003,0.295541230998312
"BJDX02210530",116.335491,39.780886,149,85,2,17530,2,1,1,"2010",3,6,1,0.0528407799999968,0.121110391999999,0.132135820583979
"101100858555",116.612342,39.935122,375,89,2,42135,1,1,1,"2010",1,6,1,0.224010219999997,0.0331256079999989,0.226446206790523
"BJCY84689029",116.603118,39.906824,254,116.99,3,21712,2,1,2,"2010",3,6,1,0.214786219999993,0.00482760799999937,0.214840466627885
"BJDX86748056",116.350111,39.797633,174,68,1,25589,1,1,1,"2010",1,6,1,0.0382207800000032,0.104363392000003,0.111142006521184
"BJDX87843068",116.335491,39.780886,294.5,89.85,3,32777,2,1,1,"2010",3,6,1,0.0528407799999968,0.121110391999999,0.132135820583979
"BJHD87790708",116.385135,39.977329,199,55.73,1,35708,0,1,1,"2010",1,6,1,0.00319677999999612,0.0753326079999965,0.0754004060363704
"101101652307",116.578532,39.928987,408,86.6,2,47114,1,1,1,"2010",3,6,1,0.190200219999994,0.0269906079999984,0.192105743298465
"101100230578",116.39391,39.842515,750,122.32,2,61315,2,1,2,"2010",3,6,1,0.00557822000000385,0.0594813920000021,0.0597423847249703
"BJFT01737716",116.39391,39.842515,280,101,2,27723,2,1,1,"2010",3,6,1,0.00557822000000385,0.0594813920000021,0.0597423847249703
"BJDX89888703",116.350111,39.797633,160,61.72,1,25924,1,1,1,"2010",1,6,1,0.0382207800000032,0.104363392000003,0.111142006521184
"BJHD85813590",116.359358,39.964464,324.5,84.6,1,38357,1,1,1,"2010",1,6,1,0.0289737800000012,0.0624676079999986,0.0688598720353876
"101101058754",116.511545,39.904464,218,41.73,1,52241,1,1,1,"2010",1,6,1,0.123213219999997,0.00246760799999635,0.123237927084194
"101101483375",116.671332,39.875677,348,61.4,1,56678,1,1,1,"2010",1,6,1,0.283000220000005,0.0263193919999978,0.28422145400251
"BJFT86152377",116.27876,39.895269,251,84.76,1,29614,1,1,1,"2010",1,6,1,0.109571779999996,0.00672739200000194,0.109778106995381
"BJFT89339173",116.260837,39.873276,400,104.64,2,38227,2,1,1,"2010",4,6,1,0.127494780000006,0.0287203920000039,0.130689631738267
"BJCP89143819",116.265774,40.170928,76,32.9,1,23101,0,1,0,"2010",3,6,1,0.122557780000008,0.268931608000003,0.295541230998312
"101101254280",116.638919,39.900576,318,53.4,1,59551,1,1,1,"2010",1,6,1,0.25058722,0.00142039199999999,0.250591245538949
"BJFT89669060",116.260837,39.873276,219,61.8,1,35437,1,1,1,"2010",4,6,1,0.127494780000006,0.0287203920000039,0.130689631738267
"101100568093",116.265774,40.170928,159,32.9,1,48329,0,1,1,"2010",3,6,1,0.122557780000008,0.268931608000003,0.295541230998312
"101100685662",116.47638,39.875691,880,128.49,3,68488,2,1,2,"2010",1,6,1,0.0880482200000046,0.0263053919999976,0.0918937576413259
"BJTJ86276733",116.542892,39.749119,185,89.24,3,20731,1,1,1,"2010",4,6,1,0.154560219999993,0.152877392000001,0.21739447691045
"BJDX90521252",116.435763,39.798071,143,60.53,1,23625,0,1,1,"2010",3,6,0,0.0474312199999929,0.103925392000001,0.114237505807163
"101100721260",116.154608,39.726495,306,90.21,2,33921,1,1,1,"2010",4,6,1,0.233723780000005,0.175501392000001,0.292279906821234
"101100947828",116.585426,39.911902,290,72.21,2,40161,1,1,1,"2010",1,6,1,0.197094219999997,0.00990560799999685,0.197342982209291
"BJCY89340121",116.465557,39.93119,650,115.75,2,56156,1,1,1,"2010",3,6,1,0.0772252200000025,0.0291936079999999,0.0825590779509222
"101101317123",116.212774,39.767185,440,89.98,2,48900,1,1,1,"2010",3,6,1,0.175557780000005,0.134811392000003,0.221347341369868
"BJSY89240489",116.643868,40.139456,371,156.52,5,23704,2,1,2,"2010",4,6,0,0.255536219999996,0.237459608000002,0.348834954044747
"101101894680",116.212294,39.897437,335,78.2,3,42839,1,1,1,"2010",1,6,0,0.176037780000001,0.00455939200000444,0.176096814402585
"101091709153",116.450729,39.977923,1400,217,4,64517,2,1,3,"2010",4,6,1,0.062397219999994,0.0759266079999961,0.0982764614041059
"101100754399",116.169065,39.762892,376,88.38,2,42544,2,1,1,"2010",4,6,1,0.219266779999998,0.139104392,0.259668928994705
"BJYZ89337476",116.527286,39.829962,228,90.01,2,25331,1,1,1,"2010",4,6,1,0.138954220000002,0.0720343919999991,0.156515906177674
"BJXC87009170",116.399108,39.876842,610,90.48,2,67419,1,1,1,"2010",3,6,1,0.0107762199999968,0.0251543919999975,0.0273654956903373
"BJYZ88383469",116.527286,39.829962,260,89.06,2,29194,1,1,1,"2010",4,4,1,0.138954220000002,0.0720343919999991,0.156515906177674
"BJSY85982141",116.665923,40.186753,195,88.56,3,22019,2,1,1,"2010",4,6,1,0.277591220000005,0.284756608000002,0.397672240948194
"BJDX89002512",116.335491,39.780886,157,42.36,2,37064,1,1,2,"2011",3,6,1,0.0528407799999968,0.121110391999999,0.132135820583979
"101089423790",116.16608,39.771077,210.5,65,1,32377,1,1,1,"2011",1,6,1,0.222251780000008,0.130919392000003,0.257945228517261
"101100485224",116.220283,40.043636,315,48,1,65625,1,1,1,"2011",3,6,1,0.168048780000007,0.141639607999998,0.219777548930467
"BJTJ89376862",116.671332,39.875677,215,86.16,2,24954,1,1,1,"2011",3,6,1,0.283000220000005,0.0263193919999978,0.28422145400251
"101101085386",116.16608,39.771077,307.5,85.75,2,35861,1,1,1,"2011",1,6,1,0.222251780000008,0.130919392000003,0.257945228517261
"101101508816",116.343992,40.078436,505,89.36,2,56513,1,1,1,"2011",3,6,1,0.0443397800000014,0.176439608000003,0.18192567537773
"101100566813",116.16608,39.771077,240,92.76,2,25874,2,1,1,"2011",1,6,1,0.222251780000008,0.130919392000003,0.257945228517261
"101101042885",116.559953,40.117154,650,109.87,3,59161,2,1,2,"2011",3,6,1,0.171621219999992,0.215157607999998,0.275221073747209
"BJFT84285014",116.285133,39.888468,128,61.1,2,20950,1,1,1,"2011",4,6,1,0.10319878,0.0135283919999978,0.104081725502578
"101100227829",116.343992,40.078436,133.5,51,1,26177,0,1,1,"2011",1,6,1,0.0443397800000014,0.176439608000003,0.18192567537773
"101091962345",116.317097,39.632299,383,172.09,3,22256,2,1,2,"2011",4,6,1,0.0712347799999975,0.269697391999998,0.278946369636259
"BJCY89824177",116.60292,39.909042,271,82.83,2,32718,2,1,1,"2011",3,6,1,0.214588219999996,0.00704560799999854,0.214703853609702
"BJCY85142925",116.446282,40.052378,205,60.93,2,33646,1,1,1,"2011",4,6,1,0.0579502199999951,0.150381607999996,0.161160963085706
"BJHD90043981",116.220283,40.043636,180,48.78,1,36901,1,1,1,"2011",3,6,1,0.168048780000007,0.141639607999998,0.219777548930467
"101102071897",116.257104,39.873962,690,95.27,3,72426,1,1,1,"2011",4,6,1,0.131227780000003,0.0280343920000021,0.134188886941278
"101102101491",116.612069,39.934271,428,88.38,2,48428,1,1,1,"2011",1,6,1,0.223737220000004,0.0322746080000016,0.226053077693899
"101100274063",116.4388,40.054941,429,67.27,2,63773,1,1,2,"2011",3,6,1,0.0504682199999991,0.152944607999999,0.161056183818696
"BJTJ92065440",116.703234,39.911017,386,77.95,2,49519,1,1,1,"2011",3,6,1,0.314902219999993,0.00902060800000015,0.315031394514283
"BJCY91347636",116.425063,40.044097,139,44.98,1,30903,0,1,1,"2011",3,6,1,0.036731219999993,0.142100608,0.14677113243638
"BJHD84580547",116.379323,40.045094,266,98.6,2,26978,2,1,2,"2011",4,6,1,0.00900878000000205,0.143097607999998,0.143380903653204
"BJDX86751561",116.497474,39.810115,183,51.35,1,35638,1,1,1,"2011",1,6,1,0.109142219999995,0.0918813919999977,0.142668196814793
"BJSY91645907",116.697838,40.110591,260,94.62,2,27479,1,1,1,"2011",4,6,1,0.309506220000003,0.208594607999999,0.373236936416217
"101100587878",116.425063,40.044097,180.5,45,1,40112,1,1,1,"2011",3,6,1,0.036731219999993,0.142100608,0.14677113243638
"BJCY91579392",116.454135,39.850772,120,47.33,1,25354,1,1,1,"2011",1,6,1,0.0658032199999923,0.0512243920000017,0.0833906595377278
"BJHD00428824",116.379323,40.045094,220,110.5,2,19910,2,1,1,"2011",4,2,1,0.00900878000000205,0.143097607999998,0.143380903653204
"101102144334",116.671332,39.875677,519,89.75,2,57828,2,1,1,"2011",3,6,1,0.283000220000005,0.0263193919999978,0.28422145400251
"BJCY90659888",116.455069,39.844997,278,70.81,1,39260,1,1,1,"2011",4,6,1,0.0667372199999932,0.0569993920000016,0.0877655241065496
"101100691963",116.343992,40.078436,180,51,1,35295,0,1,1,"2011",1,6,1,0.0443397800000014,0.176439608000003,0.18192567537773
"BJHD89168135",116.345466,40.008394,618,118.9,2,51977,2,1,2,"2011",3,6,1,0.0428657799999996,0.106397608000002,0.114708003570502
"101100243106",116.512916,39.864254,313,91.21,2,34317,1,1,1,"2011",1,6,1,0.124584220000003,0.0377423919999984,0.130175712123616
"BJCY84774470",116.4388,40.054941,270,95.79,2,28187,2,1,1,"2011",4,6,1,0.0504682199999991,0.152944607999999,0.161056183818696
"BJFS89403572",116.225111,39.761305,190,88.9,3,21373,1,1,1,"2012",4,6,1,0.163220780000003,0.140691392000001,0.215488029381465
"101100305404",116.368564,40.080471,548,94,2,58298,2,1,1,"2012",4,6,1,0.0197677799999951,0.178474608000002,0.179566006880151
"101100546396",116.192392,39.778845,314.5,87.87,3,35792,1,1,1,"2012",4,6,1,0.195939780000003,0.123151392000004,0.231427445947944
"101100750446",116.315943,40.060937,738,89.74,2,82238,2,1,2,"2012",4,6,1,0.0723887799999972,0.158940608000002,0.174648940281063
"101100397811",116.116904,39.910865,330,92,2,35870,1,1,1,"2012",4,6,1,0.271427779999996,0.00886860800000022,0.271572627419598
"101100647235",116.457526,39.8764,415,80.44,2,51592,1,1,1,"2012",1,6,1,0.06919422,0.0255963920000042,0.0737767942162458
"BJCY91270440",116.4388,40.054941,274.7,52.33,1,52494,1,1,2,"2012",3,6,1,0.0504682199999991,0.152944607999999,0.161056183818696
"101100372566",116.430966,40.05675,517,86,2,60117,2,1,1,"2012",3,6,1,0.0426342199999965,0.154753608,0.160519020380844
"101101025492",116.274464,40.123882,400,84.83,2,47154,1,1,1,"2012",4,6,1,0.113867780000007,0.221885608000001,0.249397462616724
"101101679941",116.47136,40.012307,835,175.64,4,47541,2,1,2,"2012",4,6,1,0.0830282200000028,0.110310607999999,0.138065620462512
"BJCP89531132",116.421164,40.119816,196,89.62,2,21871,1,1,1,"2012",4,2,0,0.0328322200000031,0.217819607999999,0.220280131422246
"101100568185",116.665923,40.186753,415,110,3,37728,2,1,2,"2012",4,6,1,0.277591220000005,0.284756608000002,0.397672240948194
"BJCY91094465",116.438901,39.970424,790,134.2,3,58868,2,1,2,"2012",3,6,1,0.0505692199999999,0.0684276080000004,0.0850857423309575
"BJDX91054663",116.31681,39.768231,186,41.85,2,44445,1,1,2,"2012",3,6,1,0.0715217799999976,0.133765392000001,0.15168567866243
"101100910715",116.348786,39.799417,840,146.06,3,57511,2,1,2,"2012",4,6,1,0.0395457799999974,0.102579392000003,0.109938166161249
"BJDX91167759",116.348786,39.799417,320,91.86,2,34836,2,1,1,"2012",4,6,1,0.0395457799999974,0.102579392000003,0.109938166161249
"BJCP92014912",116.235366,40.216037,177,64.53,2,27430,1,1,1,"2012",1,6,1,0.152965780000002,0.314040607999999,0.349313660374195
"101100401612",116.318055,39.770087,610,122,3,50000,2,1,2,"2012",4,6,1,0.0702767800000004,0.131909392000004,0.14946208049194
"101101087402",116.192392,39.778845,385,88.52,3,43493,1,1,1,"2012",4,6,1,0.195939780000003,0.123151392000004,0.231427445947944
"BJCY89113589",116.606428,39.904029,233,89.55,2,26019,1,1,1,"2012",3,6,1,0.218096219999993,0.00203260800000038,0.218105691520343
"BJCY88192849",116.432802,40.043409,315,68.86,1,45745,1,1,1,"2012",4,6,1,0.0444702199999938,0.141412607999996,0.14824009635793
"101100581329",116.339803,40.085341,142,47,1,30213,1,1,1,"2012",1,6,1,0.0485287799999981,0.183344607999999,0.189658344849262
"BJSJ90512889",116.212671,39.900574,318,88.44,2,35957,1,1,1,"2012",3,6,1,0.175660780000001,0.00142239200000205,0.175666538729522
"101100623574",116.494021,39.900148,550,78.3,2,70243,1,1,1,"2013",4,6,1,0.105689220000002,0.00184839199999942,0.105705381968916
"101100630200",116.281016,40.200688,800,129,5,62016,3,1,3,"2013",4,6,1,0.107315780000008,0.298691607999999,0.317385181328043
"BJHD87178964",116.342241,40.038962,557,100.37,2,55495,2,1,1,"2013",3,6,1,0.0460907800000001,0.136965607999997,0.144512759906581
"101101927162",116.335491,39.780886,435,85.04,2,51153,1,1,1,"2013",3,6,1,0.0528407799999968,0.121110391999999,0.132135820583979
"BJCP90384660",116.315445,40.074203,285,93.14,2,30600,1,1,1,"2013",4,6,1,0.0728867800000046,0.172206607999996,0.186996252736876
"101100886517",116.669984,40.190146,385,85.71,2,44919,1,1,1,"2013",4,6,1,0.281652219999998,0.288149607999998,0.402936930078988
"BJCP91480368",116.315445,40.074203,280.5,87.7,2,31985,1,1,1,"2013",4,6,1,0.0728867800000046,0.172206607999996,0.186996252736876
"101100481305",116.433148,40.136715,327,87.91,2,37198,1,1,1,"2013",4,6,1,0.0448162200000013,0.234718608000001,0.238958821801052
"101100996053",116.335491,39.780886,480,85.04,2,56445,1,1,1,"2013",3,6,1,0.0528407799999968,0.121110391999999,0.132135820583979
"BJCP89352621",116.315445,40.074203,220,79.32,2,27736,1,1,1,"2013",4,6,1,0.0728867800000046,0.172206607999996,0.186996252736876
"101101185142",116.147569,39.903963,500,89.71,3,55736,1,1,1,"2013",4,6,1,0.240762779999997,0.00196660799999648,0.2407708117284
"101100448288",116.512315,39.985697,640,89.12,2,71814,1,1,1,"2013",4,6,1,0.12398322,0.0837006080000009,0.14959154595477
"101100689375",116.338397,39.760335,483,89.96,2,53691,1,1,1,"2013",3,6,1,0.049934780000001,0.141661392000003,0.150204634539108
"101101837038",116.544954,39.971689,895,138,3,64856,1,1,2,"2013",4,6,1,0.156622220000003,0.0696926079999969,0.1714280589856
"101100563759",116.31681,39.768231,240,38,1,63158,1,1,1,"2013",3,6,1,0.0715217799999976,0.133765392000001,0.15168567866243
"BJCP89011872",116.433148,40.136715,390,140.71,3,27717,2,1,2,"2013",4,6,1,0.0448162200000013,0.234718608000001,0.238958821801052
"101100757321",116.315445,40.074203,443,87.92,2,50387,1,1,1,"2013",4,6,1,0.0728867800000046,0.172206607999996,0.186996252736876
"101100644711",116.449846,39.935249,560,70.83,1,79063,1,1,2,"2013",3,6,1,0.0615142199999923,0.033252607999998,0.0699266415682105
"101100610667",116.561289,39.830621,380,89,3,42697,1,1,1,"2014",4,6,1,0.172957220000001,0.0713753920000002,0.187105976743883
"101100967923",116.366841,40.085494,505,89.71,2,56293,1,1,1,"2014",3,6,1,0.0214907800000077,0.183497607999996,0.184751795029789
"BJDX89215658",116.330357,39.692063,275,143.94,4,19106,1,1,2,"2014",4,6,1,0.057974779999995,0.209933392000003,0.217791423597613
"101101885150",116.315445,40.074203,443,93.14,2,47563,1,1,1,"2014",3,6,1,0.0728867800000046,0.172206607999996,0.186996252736876
"101100910155",116.315445,40.074203,509,93.14,2,54649,1,1,1,"2014",3,6,1,0.0728867800000046,0.172206607999996,0.186996252736876
"101101010164",116.330357,39.692063,346.5,85.27,2,40636,1,1,1,"2014",3,6,1,0.057974779999995,0.209933392000003,0.217791423597613
"BJCP90480368",116.315445,40.074203,280,96.54,2,29004,1,1,1,"2014",4,6,1,0.0728867800000046,0.172206607999996,0.186996252736876
"101092242875",116.330357,39.692063,359.8,136,3,26456,1,1,2,"2014",4,6,1,0.057974779999995,0.209933392000003,0.217791423597613
"101100376230",116.366841,40.085494,508,98,3,51837,2,1,1,"2014",3,6,1,0.0214907800000077,0.183497607999996,0.184751795029789
"BJCY88442527",116.429654,40.043021,291.5,90.18,2,32325,1,1,1,"2014",4,6,1,0.0413222199999979,0.141024608000002,0.146953958528794
"101092181625",116.221857,39.767955,224,74,2,30271,1,1,1,"2014",4,6,1,0.166474780000001,0.134041392,0.213731015871227
"101100555720",116.665923,40.186753,106,61,1,17378,1,1,1,"2014",4,6,1,0.277591220000005,0.284756608000002,0.397672240948194
"101100322719",116.535006,39.831815,370,93,3,39785,1,1,1,"2014",4,6,1,0.146674219999994,0.0701813920000021,0.162599983381502
"101092083365",116.4388,40.054941,588,96,2,61250,2,1,1,"2014",4,6,1,0.0504682199999991,0.152944607999999,0.161056183818696
"101100339121",116.329938,39.694097,290,77,2,37663,1,1,1,"2015",4,6,1,0.0583937800000029,0.207899392000002,0.215944415849679
"BJCY91964221",116.412134,40.010398,448,80.35,2,55757,1,1,1,"2015",1,6,1,0.0238022199999932,0.108401608000001,0.110984027201728
"BJCY87754261",116.412134,40.010398,361,78.78,2,45824,1,1,1,"2015",1,6,1,0.0238022199999932,0.108401608000001,0.110984027201728
"101101105361",116.235582,39.88187,455,94,3,48405,1,1,1,"2015",4,6,1,0.152749780000008,0.0201263920000017,0.154070006636556
